id,first_name,last_name,email,gender,ip_address
1,Jamal,Tonn,jtonn0@skyrock.com,Male,5.152.252.228
2,Karlan,Dewar,kdewar1@blogger.com,Male,112.38.93.249
3,Gwendolen,Nutbrown,gnutbrown2@bizjournals.com,Female,129.66.235.187
4,Jodee,Skentelbury,jskentelbury3@mapquest.com,Female,102.219.236.140
5,Kylie,Midgely,kmidgely4@wired.com,Female,51.114.34.11
6,Donetta,Baudone,dbaudone5@latimes.com,Female,47.154.22.249
7,Elsa,Faldoe,efaldoe6@wikispaces.com,Female,163.254.219.246
8,Marti,Davidsohn,mdavidsohn7@bizjournals.com,Female,122.246.128.60
9,Tristan,Siflet,tsiflet8@photobucket.com,Male,43.201.129.202
10,Minda,Joao,mjoao9@t.co,Female,162.109.159.176
11,Wrennie,Bowbrick,wbowbricka@china.com.cn,Agender,10.56.234.122
12,Jada,Sictornes,jsictornesb@feedburner.com,Female,252.92.201.83
13,Mellisa,Borsnall,mborsnallc@de.vu,Female,233.129.196.248
14,Elspeth,Eriksson,eerikssond@nasa.gov,Female,144.79.13.152
15,Rubi,Mandry,rmandrye@flavors.me,Female,226.186.250.25
16,Archer,Bowdler,abowdlerf@1und1.de,Male,150.228.202.36
17,Felix,Gaynsford,fgaynsfordg@vistaprint.com,Male,201.93.38.235
18,Crysta,Van Daalen,cvandaalenh@xinhuanet.com,Female,220.1.183.132
19,Waverley,Manvell,wmanvelli@ucsd.edu,Male,22.1.27.126
20,Korney,Couroy,kcouroyj@odnoklassniki.ru,Female,240.90.194.18
21,Tristam,Eginton,tegintonk@vinaora.com,Male,185.246.141.175
22,Felicio,McCord,fmccordl@behance.net,Male,234.239.66.107
23,Benjamin,Winger,bwingerm@privacy.gov.au,Male,49.118.59.112
24,Norbert,Bennison,nbennisonn@blogtalkradio.com,Male,54.8.51.7
25,Aurel,Guilaem,aguilaemo@fotki.com,Female,98.241.136.11
26,Flint,Brittan,fbrittanp@bing.com,Male,54.246.137.14
27,Bianka,Alvarez,balvarezq@ucsd.edu,Female,7.25.234.15
28,Klarika,Novic,knovicr@scribd.com,Female,98.177.225.179
29,Angil,Fullom,afulloms@google.it,Female,67.250.220.81
30,Maggie,Abrahams,mabrahamst@blogs.com,Female,137.89.80.65
31,Lennie,Mebs,lmebsu@moonfruit.com,Male,64.164.159.113
32,Trevar,Bantham,tbanthamv@acquirethisname.com,Agender,133.184.83.176
33,Rhetta,Coady,rcoadyw@people.com.cn,Female,124.206.172.175
34,Junia,Dellow,jdellowx@sfgate.com,Female,204.146.218.202
35,Sansone,Tuxwell,stuxwelly@youtu.be,Male,59.200.55.3
36,Dougy,Gravener,dgravenerz@blogger.com,Male,106.10.249.17
37,Ladonna,Choak,lchoak10@gizmodo.com,Female,212.234.124.209
38,Shay,Salvin,ssalvin11@cnn.com,Male,179.77.79.185
39,Rafaellle,Braams,rbraams12@creativecommons.org,Male,52.127.85.195
40,Tracey,Upjohn,tupjohn13@usda.gov,Female,247.26.68.121
41,Farlie,Tempest,ftempest14@themeforest.net,Male,194.168.158.92
42,Meyer,Pauwel,mpauwel15@mozilla.com,Male,168.146.227.142
43,Theresita,Skullet,tskullet16@constantcontact.com,Female,228.10.95.194
44,Hubie,Woodus,hwoodus17@google.com.au,Male,13.4.124.232
45,Stanley,Lishmund,slishmund18@tinypic.com,Male,125.7.2.246
46,Marjy,Jaskiewicz,mjaskiewicz19@skyrock.com,Female,181.103.166.112
47,Brander,McUre,bmcure1a@parallels.com,Male,23.109.249.162
48,Ellary,Rotlauf,erotlauf1b@miitbeian.gov.cn,Male,182.236.95.157
49,June,Jereatt,jjereatt1c@php.net,Female,101.215.93.92
50,Wyatan,Moisey,wmoisey1d@hugedomains.com,Male,65.232.220.167
51,Wash,Dullard,wdullard1e@china.com.cn,Male,213.31.180.233
52,Eldin,Goodday,egoodday1f@amazon.co.jp,Male,29.164.29.197
53,Dorthea,Gason,dgason1g@freewebs.com,Female,82.110.243.49
54,Marlane,Gorler,mgorler1h@pbs.org,Female,18.222.16.15
55,Nanette,Gollop,ngollop1i@joomla.org,Female,51.11.231.149
56,Manfred,Stolli,mstolli1j@addtoany.com,Male,82.229.171.253
57,Seana,Hellin,shellin1k@discuz.net,Female,228.255.123.92
58,Lorilee,Seven,lseven1l@geocities.jp,Female,132.129.148.253
59,Roosevelt,Gorusso,rgorusso1m@about.me,Male,189.146.252.164
60,Raimondo,Heads,rheads1n@admin.ch,Male,23.251.54.184
61,Torie,Eacott,teacott1o@dell.com,Bigender,91.34.246.230
62,Winnah,Genty,wgenty1p@blinklist.com,Female,79.71.23.34
63,Justus,Dahler,,Male,168.35.201.226
64,Jewell,Clissold,jclissold1r@aol.com,Female,138.78.14.99
65,Gardener,Summerlad,gsummerlad1s@scientificamerican.com,Male,127.27.175.90
66,Sile,Eddicott,seddicott1t@microsoft.com,Female,87.158.179.193
67,Murielle,Nevitt,mnevitt1u@weebly.com,Agender,191.211.124.140
68,Idell,Heel,iheel1v@sogou.com,Female,164.6.55.185
69,Janot,Dorman,jdorman1w@tinypic.com,Female,49.37.217.53
70,Randell,Stuehmeier,rstuehmeier1x@yale.edu,Male,78.34.37.137
71,Hale,Adrien,hadrien1y@mail.ru,Male,6.133.30.18
72,Benjamen,Ashborne,bashborne1z@quantcast.com,Male,118.223.148.147
73,Reinhold,Blooman,rblooman20@1688.com,Male,178.9.194.1
74,Jandy,Mathewson,jmathewson21@hexun.com,Female,203.49.196.223
75,Elayne,Le Lievre,elelievre22@japanpost.jp,Female,39.29.6.157
76,Damon,Lammers,dlammers23@jimdo.com,Male,188.211.151.163
77,Mela,Clemensen,mclemensen24@shop-pro.jp,Female,248.37.47.28
78,Raina,Fowlston,rfowlston25@uol.com.br,Female,30.245.218.66
79,Arabella,Holt,aholt26@yellowbook.com,Female,85.224.103.90
80,Demetria,Lulham,dlulham27@vimeo.com,Female,175.30.222.19
81,Petey,Churchman,pchurchman28@imageshack.us,Male,87.24.221.107
82,Engelbert,Smoote,esmoote29@abc.net.au,Male,27.33.7.94
83,Moira,Inglesent,minglesent2a@umich.edu,Genderqueer,151.125.222.192
84,Correy,Yanne,,Female,189.94.235.169
85,Sinclair,Oguz,soguz2c@drupal.org,Male,225.155.0.120
86,Barnabas,Linggood,blinggood2d@salon.com,Male,134.41.233.103
87,Bibbye,MacCrackan,bmaccrackan2e@cocolog-nifty.com,Female,196.38.60.133
88,Tessa,Lightman,tlightman2f@state.tx.us,Female,221.5.89.244
89,Myles,Filip,,Male,229.82.239.31
90,Petronilla,Lembrick,plembrick2h@ucoz.com,Female,25.8.196.64
91,Elaina,Smoote,esmoote2i@freewebs.com,Female,237.61.18.50
92,Antoinette,Siggery,asiggery2j@merriam-webster.com,Female,241.242.101.93
93,Carlin,Jerams,cjerams2k@bizjournals.com,Polygender,187.129.155.68
94,Clarisse,Pillinger,cpillinger2l@bbb.org,Female,136.168.96.97
95,Starla,Reason,sreason2m@twitpic.com,Female,203.65.124.42
96,Cleveland,Matthis,cmatthis2n@mlb.com,Male,18.16.40.100
97,Angus,Bolsteridge,abolsteridge2o@aboutads.info,Male,185.8.96.204
98,Calley,Tilbury,ctilbury2p@bigcartel.com,Female,57.251.87.255
99,Derek,Wastall,dwastall2q@google.ru,Male,183.203.160.217
100,Myron,Arnull,marnull2r@mail.ru,Male,248.136.242.220
101,Raimondo,Bichener,rbichener2s@si.edu,Male,105.58.231.213
102,Stephan,Theurer,stheurer2t@ibm.com,Genderqueer,239.35.35.167
103,Bryn,McColley,,Male,23.110.219.59
104,Brucie,Wingate,bwingate2v@linkedin.com,Male,87.18.103.195
105,Denny,Devigne,ddevigne2w@google.com.au,Female,50.209.190.131
106,Georgena,Mathys,gmathys2x@craigslist.org,Female,115.156.203.200
107,Darsey,Goodchild,dgoodchild2y@mozilla.com,Female,228.203.218.135
108,Astrid,Trowle,atrowle2z@lulu.com,Genderqueer,38.234.65.130
109,Vanna,Byron,vbyron30@apple.com,Bigender,0.135.226.80
110,Deeann,Ivashov,divashov31@wordpress.com,Genderfluid,63.15.123.197
111,Arnie,Itzhaki,aitzhaki32@independent.co.uk,Male,154.59.147.161
112,Kerrin,Weetch,kweetch33@cmu.edu,Female,168.38.117.183
113,Roscoe,Haddington,rhaddington34@umich.edu,Male,120.98.130.140
114,Esme,Ruhben,eruhben35@bloglines.com,Male,255.58.219.97
115,Jillian,Whillock,jwhillock36@nature.com,Genderfluid,37.230.30.170
116,Almeria,Beckitt,abeckitt37@washingtonpost.com,Female,213.147.15.194
117,Ford,Dobinson,fdobinson38@cbsnews.com,Male,13.76.197.71
118,Rudolph,Wasiela,,Male,12.156.154.37
119,Cordi,Redihalgh,credihalgh3a@1und1.de,Female,189.222.7.48
120,Bette-ann,Lowbridge,blowbridge3b@amazon.de,Bigender,131.107.57.242
121,Clementine,Clinning,cclinning3c@house.gov,Female,45.177.225.166
122,Uriel,Matthiae,umatthiae3d@squidoo.com,Male,60.135.225.184
123,Heriberto,Gammell,hgammell3e@ucsd.edu,Male,63.126.31.228
124,Maribeth,Bault,mbault3f@odnoklassniki.ru,Female,153.73.184.7
125,Trudi,Gauge,tgauge3g@amazon.de,Female,39.65.3.44
126,Grady,Lefort,glefort3h@prlog.org,Male,6.244.160.152
127,Henrik,Kienlein,hkienlein3i@a8.net,Male,220.12.72.188
128,Anders,Everton,aeverton3j@omniture.com,Male,92.31.105.74
129,Rosana,Keddie,rkeddie3k@lycos.com,Female,159.243.181.91
130,Knox,Joskowitz,kjoskowitz3l@hibu.com,Male,26.29.113.241
131,Elinore,Minihan,eminihan3m@bbb.org,Female,193.49.4.52
132,Cobb,Davey,cdavey3n@newsvine.com,Male,119.100.189.245
133,Koressa,Pettett,kpettett3o@symantec.com,Female,230.112.212.186
134,Trstram,Meugens,tmeugens3p@is.gd,Male,231.186.150.166
135,Theo,Novik,tnovik3q@mediafire.com,Female,153.101.12.173
136,Arabelle,Reignard,areignard3r@drupal.org,Female,29.183.240.201
137,Camille,Lovat,clovat3s@domainmarket.com,Female,81.26.215.244
138,Amara,Baison,abaison3t@skyrock.com,Female,205.43.56.12
139,Cynthia,Sutheran,csutheran3u@blogs.com,Female,32.121.165.243
140,Otha,Downing,odowning3v@cbslocal.com,Female,146.46.220.227
141,Gloria,Phelit,gphelit3w@technorati.com,Female,236.146.161.147
142,Randall,Lefridge,rlefridge3x@smh.com.au,Male,69.86.123.35
143,Tim,Guinnane,tguinnane3y@creativecommons.org,Male,188.48.97.216
144,Lynn,Denkel,,Female,91.102.10.6
145,Allayne,Thorsby,athorsby40@google.com,Male,237.80.99.196
146,Gavin,Masden,gmasden41@shutterfly.com,Male,215.145.193.228
147,Brigham,Peascod,bpeascod42@sphinn.com,Male,195.143.53.58
148,Seumas,Brome,sbrome43@amazon.co.jp,Genderfluid,113.33.124.178
149,Gretna,Ponde,gponde44@reverbnation.com,Female,183.94.64.163
150,Gloria,Hampton,ghampton45@macromedia.com,Bigender,140.47.160.55
151,Earlie,Miner,eminer46@is.gd,Male,229.240.169.12
152,Kerby,Antusch,kantusch47@answers.com,Male,244.227.227.13
153,Cornall,Brozsset,cbrozsset48@fc2.com,Male,34.100.183.1
154,Kendal,Lumbley,klumbley49@vinaora.com,Male,68.154.236.25
155,Nanette,Corness,ncorness4a@nymag.com,Female,248.39.219.16
156,Joannes,Petyankin,jpetyankin4b@liveinternet.ru,Female,8.19.239.63
157,Herbie,Gair,hgair4c@live.com,Non-binary,198.255.39.157
158,Carolee,Matherson,cmatherson4d@xing.com,Female,70.189.236.67
159,Abdel,Jiran,ajiran4e@edublogs.org,Male,239.231.224.208
160,Quentin,Haslock(e),,Male,169.248.242.144
161,Colet,Kilgallen,ckilgallen4g@ihg.com,Male,159.80.208.32
162,Delora,Grzegorzewicz,,Female,213.243.228.183
163,Magnum,Byfford,mbyfford4i@vkontakte.ru,Male,14.123.204.254
164,Wally,Sparsholt,wsparsholt4j@lulu.com,Male,128.80.56.21
165,Peyter,Batchelour,pbatchelour4k@netvibes.com,Male,16.92.235.48
166,Camel,Lillicrap,clillicrap4l@auda.org.au,Female,87.80.184.40
167,Ingamar,Hanniger,ihanniger4m@nih.gov,Genderqueer,202.92.118.163
168,Karoly,Maddock,kmaddock4n@tuttocitta.it,Male,129.124.26.4
169,Tobi,Gaynsford,tgaynsford4o@usnews.com,Female,88.169.215.26
170,Ringo,Philpots,rphilpots4p@typepad.com,Polygender,38.52.132.220
171,Estele,Groven,egroven4q@meetup.com,Female,159.19.78.235
172,Corabella,Luckhurst,cluckhurst4r@wikia.com,Female,221.35.191.85
173,Easter,McCaw,emccaw4s@goo.ne.jp,Female,13.135.23.95
174,Freddie,Bessey,fbessey4t@state.gov,Male,140.101.3.217
175,Niki,Marzelle,nmarzelle4u@fema.gov,Male,206.196.26.233
176,Chelsey,Jones,cjones4v@sourceforge.net,Female,208.24.126.100
177,Oralia,Ridolfi,oridolfi4w@washingtonpost.com,Female,149.210.103.42
178,Nettie,Tidbald,ntidbald4x@nature.com,Female,25.228.66.157
179,Ellene,Eldershaw,eeldershaw4y@xinhuanet.com,Female,220.237.118.191
180,Ossie,Hawkin,ohawkin4z@miibeian.gov.cn,Male,231.7.57.83
181,Emlynne,Lewisham,elewisham50@istockphoto.com,Female,196.131.242.205
182,Glenda,Mugleston,gmugleston51@ca.gov,Female,85.18.50.162
183,Wade,Benoey,wbenoey52@plala.or.jp,Male,201.177.236.86
184,Karlik,Hickenbottom,khickenbottom53@nps.gov,Male,188.192.194.225
185,Maren,Castille,mcastille54@behance.net,Female,38.127.233.31
186,Dominica,Battill,dbattill55@bizjournals.com,Female,233.154.63.205
187,Karalee,Fugere,kfugere56@usa.gov,Female,206.51.207.237
188,Alleyn,Brunt,abrunt57@engadget.com,Male,204.223.236.54
189,Delmor,Pettifer,dpettifer58@nasa.gov,Male,0.171.34.160
190,Gerek,Shine,gshine59@studiopress.com,Male,135.95.50.237
191,Alexine,Hesse,ahesse5a@nba.com,Female,80.30.228.9
192,Fidelity,Greenlies,fgreenlies5b@europa.eu,Female,66.1.79.163
193,Mandy,Scrivner,mscrivner5c@sciencedaily.com,Female,197.5.167.218
194,Keith,Bonhome,kbonhome5d@sphinn.com,Male,194.16.32.73
195,Dalton,Chantrell,dchantrell5e@rediff.com,Male,22.106.217.13
196,Rubi,Giacomuzzo,rgiacomuzzo5f@cdbaby.com,Female,155.24.6.105
197,Sheelagh,Marrion,smarrion5g@senate.gov,Female,172.131.216.37
198,Fernando,Vamplew,fvamplew5h@vkontakte.ru,Male,4.173.115.73
199,Jorey,Spadotto,jspadotto5i@studiopress.com,Female,41.124.168.70
200,Cherice,Bretton,cbretton5j@java.com,Female,54.155.134.234
201,Constantine,Dabernott,cdabernott5k@techcrunch.com,Male,186.124.93.161
202,Alphard,Posselt,aposselt5l@ebay.co.uk,Genderqueer,160.19.217.93
203,Myrtie,Schiefersten,mschiefersten5m@ning.com,Female,164.178.139.87
204,Ingamar,Zebedee,izebedee5n@indiatimes.com,Male,34.181.131.174
205,Shanda,Aiken,saiken5o@samsung.com,Female,225.230.4.72
206,Marieann,Folling,mfolling5p@nsw.gov.au,Female,44.61.223.213
207,Brook,Tallent,btallent5q@clickbank.net,Female,134.1.42.239
208,Jill,Calder,jcalder5r@hud.gov,Female,131.187.4.158
209,Jayson,Creed,jcreed5s@dot.gov,Polygender,68.72.53.1
210,Quentin,Cordeix,qcordeix5t@arizona.edu,Male,176.205.197.12
211,Marion,Komorowski,mkomorowski5u@hexun.com,Female,17.225.137.117
212,Aylmer,Branch,abranch5v@twitpic.com,Male,247.209.46.192
213,Elka,Tidey,etidey5w@merriam-webster.com,Female,6.213.222.146
214,Morten,Canniffe,mcanniffe5x@hud.gov,Male,69.81.88.196
215,Huberto,Camps,hcamps5y@rambler.ru,Male,15.226.246.135
216,Cherye,Lerhinan,clerhinan5z@uiuc.edu,Female,245.161.125.184
217,Pavia,Scruby,pscruby60@godaddy.com,Female,254.11.160.123
218,Uriah,Sember,usember61@constantcontact.com,Male,192.77.162.181
219,Astra,Nore,anore62@theglobeandmail.com,Female,72.210.84.18
220,Gibb,Cammiemile,gcammiemile63@php.net,Male,22.65.89.111
221,Flossie,Sheerin,fsheerin64@sogou.com,Female,113.198.185.135
222,Cordula,Caulkett,ccaulkett65@lulu.com,Female,214.17.238.11
223,Mandie,Beecker,mbeecker66@themeforest.net,Female,225.206.66.168
224,Devin,Caroll,dcaroll67@naver.com,Male,75.205.207.5
225,Ronna,Romao,rromao68@ovh.net,Female,6.3.17.192
226,Karissa,Diack,kdiack69@newyorker.com,Female,200.61.116.209
227,Ripley,Cutmore,rcutmore6a@google.cn,Male,12.245.225.160
228,Vinni,Patington,vpatington6b@berkeley.edu,Female,48.141.58.58
229,Randie,Andrault,randrault6c@latimes.com,Male,160.123.125.91
230,Harriot,Bernaldez,hbernaldez6d@latimes.com,Female,128.134.24.19
231,Constantin,Parham,cparham6e@sourceforge.net,Male,47.186.23.249
232,Blanca,Punt,bpunt6f@si.edu,Female,228.162.114.64
233,Hurlee,McNirlan,hmcnirlan6g@about.com,Male,61.24.253.145
234,Jemmie,Wildsmith,jwildsmith6h@google.nl,Female,181.159.77.62
235,Lucille,Mundford,lmundford6i@twitpic.com,Female,205.160.120.97
236,Taddeo,Antonowicz,tantonowicz6j@sciencedirect.com,Male,215.49.119.200
237,Cthrine,Daviddi,cdaviddi6k@icq.com,Female,42.208.136.145
238,Lalo,McCusker,lmccusker6l@nba.com,Male,6.243.43.195
239,Huey,Fuggle,hfuggle6m@oakley.com,Male,39.168.179.27
240,Carmen,Gummer,cgummer6n@theguardian.com,Agender,213.192.240.88
241,Nollie,Sime,nsime6o@accuweather.com,Female,196.245.193.252
242,Verge,Viscovi,vviscovi6p@ifeng.com,Male,5.39.72.88
243,Jules,Cordingly,jcordingly6q@who.int,Male,233.255.17.87
244,Sargent,Horlock,shorlock6r@gnu.org,Male,50.251.197.173
245,Charley,MacAvddy,cmacavddy6s@infoseek.co.jp,Genderqueer,17.145.70.235
246,Sutherland,Elves,selves6t@abc.net.au,Male,224.14.222.198
247,Zelig,Liff,zliff6u@senate.gov,Male,52.248.176.129
248,Budd,Allingham,ballingham6v@tmall.com,Genderqueer,242.112.25.161
249,Carie,Kidstoun,ckidstoun6w@state.gov,Female,212.77.233.102
250,Bronson,Danser,bdanser6x@imageshack.us,Male,115.83.98.201
251,Roberto,Sicha,rsicha6y@vistaprint.com,Agender,71.158.110.223
252,Franzen,Hounihan,fhounihan6z@1und1.de,Male,225.24.248.161
253,Silvan,Coy,scoy70@dagondesign.com,Polygender,93.126.197.182
254,Axe,Greenall,agreenall71@github.io,Male,75.22.65.45
255,Fabe,Dampney,fdampney72@youku.com,Male,77.92.133.85
256,Arnaldo,Simao,asimao73@phoca.cz,Male,224.92.163.72
257,Christopher,Botcherby,cbotcherby74@netvibes.com,Male,219.4.58.0
258,Nicko,Banane,nbanane75@opera.com,Male,222.245.191.40
259,Randolph,Fendlen,rfendlen76@dion.ne.jp,Male,36.222.154.252
260,Burtie,Kleewein,bkleewein77@nsw.gov.au,Male,233.209.230.141
261,Hasty,Fabbro,hfabbro78@youtube.com,Male,52.154.32.149
262,Anders,Ambrodi,aambrodi79@tiny.cc,Male,108.255.65.103
263,Christa,Marritt,cmarritt7a@simplemachines.org,Female,231.58.133.83
264,William,MacKniely,wmackniely7b@sina.com.cn,Male,146.235.140.25
265,Thorvald,Castro,tcastro7c@reverbnation.com,Male,212.210.169.217
266,Brucie,Marriot,bmarriot7d@skype.com,Polygender,64.2.97.27
267,Francklyn,Taffrey,ftaffrey7e@berkeley.edu,Male,178.200.231.125
268,Alanah,Von Der Empten,,Female,56.34.49.170
269,Staffard,Wimmers,,Male,167.162.247.1
270,Edwin,Keohane,ekeohane7h@mtv.com,Male,25.127.184.34
271,Shelden,Forth,sforth7i@homestead.com,Male,44.233.165.228
272,Evie,Sebyer,esebyer7j@mapy.cz,Female,112.86.87.39
273,Gail,Bakewell,gbakewell7k@nba.com,Female,226.133.209.168
274,Reinhold,Pringour,rpringour7l@delicious.com,Polygender,50.163.195.150
275,Gallagher,Milkin,,Male,206.47.33.199
276,Katleen,Gouinlock,kgouinlock7n@uol.com.br,Genderfluid,0.52.29.3
277,Wylie,Runacres,wrunacres7o@networksolutions.com,Male,141.137.54.30
278,Dorelle,Bloxholm,dbloxholm7p@businessinsider.com,Female,162.161.132.232
279,Iolande,Sleaford,isleaford7q@umich.edu,Female,27.233.216.164
280,Butch,Kelemen,bkelemen7r@cbsnews.com,Male,59.36.107.174
281,Irving,Oley,ioley7s@aboutads.info,Male,91.95.170.2
282,Ruthy,Readings,rreadings7t@independent.co.uk,Female,174.78.217.31
283,Allen,Place,aplace7u@illinois.edu,Male,114.100.152.23
284,Luca,Scutchin,lscutchin7v@gov.uk,Male,133.108.169.128
285,Constantine,Ca,cca7w@yandex.ru,Female,208.184.101.185
286,Suzette,Ubsdell,subsdell7x@cafepress.com,Female,211.87.91.82
287,Garner,Farragher,gfarragher7y@slashdot.org,Male,6.54.253.188
288,Audrie,Bartke,,Polygender,49.63.63.72
289,Sunny,Pursey,spursey80@thetimes.co.uk,Female,249.53.37.123
290,Gerda,Gillatt,ggillatt81@vinaora.com,Female,132.46.166.128
291,Pearline,Jiles,pjiles82@wisc.edu,Female,123.80.44.224
292,Tedra,Woolaston,twoolaston83@jiathis.com,Female,95.114.210.226
293,Nicole,Kaesmakers,nkaesmakers84@cbslocal.com,Female,17.141.172.249
294,Graig,Brock,gbrock85@yahoo.com,Male,131.179.89.109
295,Karita,Rodear,krodear86@wp.com,Female,252.63.94.210
296,Alexandr,Bengochea,abengochea87@sitemeter.com,Male,190.73.26.102
297,Aurelia,Moulder,amoulder88@1688.com,Female,42.109.121.105
298,Chauncey,Osgordby,cosgordby89@illinois.edu,Male,15.215.235.25
299,Bran,Dineges,bdineges8a@theguardian.com,Male,85.176.66.107
